{
  "arm_positions": {
    "home": [-1.5105236109266285, 0.4384, -0.0261, 1.1015, -0.1996, 1.5949, -0.00009325],
    "drop_pre": [-1.5105236109266285, -0.7539909602519401, -0.12728435610693634, 1.4316382470480633, -0.14625234227838213, 0.8646056681978287, 0.005513037543281918],
    "drop": [-1.63441, 0.21853, 0.03951, 1.14246, 0.12855, 0.16098, -0.24668],
    "safe_pick_ar": [-0.9385892065353323,-0.06491179373385059,3.0999365475086798,-0.9095037829636983,0.061685650261713576,1.5828568298655812,-0.09568150191672231],
    "picked_mid_arm": [-0.06963600785466628,-1.6997045264429875,2.9976611171328624,-0.6730735155938801,1.698122419577043,1.1196916343602084,-1.5054595223125453],
    "picked_mid1_arm": [-0.06963600785466628,-1.6997045264429875,2.9976611171328624,-0.6730735155938801,1.698122419577043,1.1196916343602084,-1.5054595223125453],
    "safe_pick_arm": [-1.5105236109266285, -0.7539909602519401, -0.12728435610693634, 1.4316382470480633, -0.14625234227838213, 0.8646056681978287, 0.005513037543281918]

  },
  "amr_poses": {
    "drop_amr": {
      "position": [0.9505041827707041, -3.417177627828032, 2.698258508671357],
      "orientation": [2.0223590538996768e-05, -0.0022125296480499197, 0.9999475185717642, -0.010003219768366574]
    },
    "pick_pre_amr": {
      "position": [-0.6718069133654793, 17.71423182598768, 0.10393177592189493],
      "orientation": [0.0021981351990058256, 3.3383549861453014e-06, 0.0022298725029626693, 0.9999950979175463]
    },
    "lift_0_amr": {
      "position": [-5.224895007700843, 0.2851095450478396, 0.10650527411632921],
      "orientation": [-0.0015874436370769776, -0.0015360907892127491, 0.6965791649575831, 0.7174765413550347]
    },
    "middle_amr": {
      "position": [-0.7748649091606752, 5.262176424636594, 0.10393033968809942],
      "orientation": [0.0022076148719647757, -1.1354774650696532e-05, 0.004393350380622171, -0.9999879123169836]
    },
    "drop_pre_amr": {
     "position": [0.339566, -3.736734, 2.698258308258173],
     "orientation": [4.94307311230468e-05, -0.002184344957675612, 0.9997194543401706, -0.023584715548431494]}

}
}
